POST,Status Code,Response Size,city_id,change_latitude,current_latitude,type,newSearch,listType,response_time,datetime
/test/v1/systemNotiSettings,200,81,,,,,,,32.996 ms,12/Jul/2021:02:48:26 +0000
/test/v1/citySelect,200,13131,427,25.2048493,25.2048493,City,0.0,search,7.608 ms,12/Jul/2021:02:48:27 +0000
/test/v1/citySelect,200,12812,427,25.2048493,25.2048493,,,,10.561 ms,12/Jul/2021:02:48:27 +0000
/test/v1/systemNotiSettings,200,81,,,,,,,6.378 ms,12/Jul/2021:03:59:46 +0000
/test/v1/systemNotiSettings,200,81,,,,,,,6.342 ms,12/Jul/2021:04:02:02 +0000
/test/v1/citySelect,200,12812,427,25.2048493,25.2048493,,,,5.886 ms,12/Jul/2021:04:02:30 +0000
/test/v1/citySelect,200,13131,427,25.2048493,25.2048493,City,0.0,search,5.598 ms,12/Jul/2021:04:02:30 +0000
/test/v1/systemNotiSettings,200,81,,,,,,,7.131 ms,12/Jul/2021:04:03:21 +0000
/test/v1/systemNotiSettings,200,81,,,,,,,5.616 ms,12/Jul/2021:04:04:47 +0000
/test/v1/systemNotiSettings,200,81,,,,,,,9.193 ms,12/Jul/2021:04:06:25 +0000
/test/v1/systemNotiSettings,200,81,,,,,,,6.618 ms,12/Jul/2021:04:10:24 +0000
/test/v1/citySelect,200,13131,427,25.2048493,25.2048493,City,0.0,search,6.075 ms,12/Jul/2021:04:13:43 +0000
/test/v1/citySelect,200,12812,427,25.2048493,25.2048493,,,,5.018 ms,12/Jul/2021:04:13:43 +0000
/test/v1/citySelect,200,13131,491,34.0522342,34.0522342,City,0.0,search,7.221 ms,12/Jul/2021:04:13:59 +0000
/test/v1/citySelect,200,12806,491,34.0522342,34.0522342,,,,7.069 ms,12/Jul/2021:04:13:59 +0000
/test/v1/citySelect,200,13131,491,34.0522342,34.0522342,City,0.0,search,7.333 ms,12/Jul/2021:04:14:00 +0000
/test/v1/citySelect,200,13131,,34.0522342,34.0522342,,,,6.138 ms,12/Jul/2021:04:14:20 +0000
/test/v1/citySelect,200,12812,427,25.2048493,25.2048493,,,,10.419 ms,12/Jul/2021:04:14:22 +0000
/test/v1/citySelect,200,13131,427,25.2048493,25.2048493,City,0.0,search,13.826 ms,12/Jul/2021:04:14:22 +0000
/test/v1/systemNotiSettings,200,81,,,,,,,5.865 ms,12/Jul/2021:04:15:33 +0000
/test/v1/citySelect,200,12812,427,25.2048493,25.2048493,,,,9.076 ms,12/Jul/2021:04:15:43 +0000
/test/v1/citySelect,200,13131,427,25.2048493,25.2048493,City,0.0,search,5.768 ms,12/Jul/2021:04:15:43 +0000
/test/v1/systemNotiSettings,200,81,,,,,,,5.977 ms,12/Jul/2021:04:17:12 +0000
/test/v1/citySelect,200,12812,427,25.2048493,25.2048493,,,,13.067 ms,12/Jul/2021:04:17:21 +0000
/test/v1/citySelect,200,13131,427,25.2048493,25.2048493,City,0.0,search,6.470 ms,12/Jul/2021:04:17:21 +0000
/test/v1/systemNotiSettings,200,81,,,,,,,9.418 ms,12/Jul/2021:04:19:25 +0000
/test/v1/citySelect,200,12812,427,25.2048493,25.2048493,,,,4.835 ms,12/Jul/2021:04:19:33 +0000
/test/v1/citySelect,200,13131,427,25.2048493,25.2048493,City,0.0,search,5.847 ms,12/Jul/2021:04:19:34 +0000
/test/v1/systemNotiSettings,200,81,,,,,,,7.200 ms,12/Jul/2021:04:20:49 +0000
/test/v1/citySelect,200,12812,427,25.2048493,25.2048493,,,,5.348 ms,12/Jul/2021:04:20:51 +0000
/test/v1/citySelect,200,13131,427,25.2048493,25.2048493,City,0.0,search,5.880 ms,12/Jul/2021:04:20:51 +0000
/test/v1/systemNotiSettings,200,81,,,,,,,6.249 ms,12/Jul/2021:04:22:01 +0000
/test/v1/citySelect,200,12812,427,25.2048493,25.2048493,,,,7.054 ms,12/Jul/2021:04:22:03 +0000
/test/v1/citySelect,200,13131,427,25.2048493,25.2048493,City,0.0,search,6.823 ms,12/Jul/2021:04:22:04 +0000
/test/v1/systemNotiSettings,200,81,,,,,,,6.110 ms,12/Jul/2021:04:22:41 +0000
/test/v1/citySelect,200,12812,427,25.2048493,25.2048493,,,,4.923 ms,12/Jul/2021:04:22:44 +0000
/test/v1/citySelect,200,13131,427,25.2048493,25.2048493,City,0.0,search,6.608 ms,12/Jul/2021:04:22:45 +0000
/test/v1/systemNotiSettings,200,81,,,,,,,7.134 ms,12/Jul/2021:04:23:23 +0000
/test/v1/citySelect,200,12812,427,25.2048493,25.2048493,,,,10.086 ms,12/Jul/2021:04:23:24 +0000
/test/v1/citySelect,200,13131,427,25.2048493,25.2048493,City,0.0,search,5.471 ms,12/Jul/2021:04:23:24 +0000
/test/v1/systemNotiSettings,200,81,,,,,,,6.558 ms,12/Jul/2021:04:24:00 +0000
/test/v1/citySelect,200,12812,427,25.2048493,25.2048493,,,,5.407 ms,12/Jul/2021:04:24:02 +0000
/test/v1/citySelect,200,13131,427,25.2048493,25.2048493,City,0.0,search,5.484 ms,12/Jul/2021:04:24:02 +0000
/test/v1/systemNotiSettings,200,81,,,,,,,5.965 ms,12/Jul/2021:04:25:29 +0000
/test/v1/citySelect,200,12812,427,25.2048493,25.2048493,,,,4.635 ms,12/Jul/2021:04:25:37 +0000
/test/v1/citySelect,200,13131,427,25.2048493,25.2048493,City,0.0,search,4.890 ms,12/Jul/2021:04:25:37 +0000
/test/v1/systemNotiSettings,200,81,,,,,,,5.956 ms,12/Jul/2021:04:26:19 +0000
/test/v1/citySelect,200,12812,427,25.2048493,25.2048493,,,,6.081 ms,12/Jul/2021:04:26:20 +0000
/test/v1/citySelect,200,13131,427,25.2048493,25.2048493,City,0.0,search,4.866 ms,12/Jul/2021:04:26:21 +0000
/test/v1/systemNotiSettings,200,81,,,,,,,6.033 ms,12/Jul/2021:04:27:11 +0000
/test/v1/citySelect,200,12812,427,25.2048493,25.2048493,,,,4.958 ms,12/Jul/2021:04:27:13 +0000
/test/v1/citySelect,200,13131,427,25.2048493,25.2048493,City,0.0,search,5.350 ms,12/Jul/2021:04:27:13 +0000
/test/v1/systemNotiSettings,200,81,,,,,,,5.833 ms,12/Jul/2021:04:28:17 +0000
/test/v1/citySelect,200,12812,427,25.2048493,25.2048493,,,,6.375 ms,12/Jul/2021:04:28:19 +0000
/test/v1/citySelect,200,13131,427,25.2048493,25.2048493,City,0.0,search,5.708 ms,12/Jul/2021:04:28:19 +0000
/test/v1/systemNotiSettings,200,81,,,,,,,6.192 ms,12/Jul/2021:04:29:04 +0000
/test/v1/citySelect,200,12812,427,25.2048493,25.2048493,,,,5.892 ms,12/Jul/2021:04:29:16 +0000
/test/v1/citySelect,200,13131,427,25.2048493,25.2048493,City,0.0,search,5.386 ms,12/Jul/2021:04:29:16 +0000
/test/v1/systemNotiSettings,200,81,,,,,,,6.575 ms,12/Jul/2021:04:30:36 +0000
/test/v1/citySelect,200,12812,427,25.2048493,25.2048493,,,,6.260 ms,12/Jul/2021:04:30:40 +0000
/test/v1/citySelect,200,13131,427,25.2048493,25.2048493,City,0.0,search,6.166 ms,12/Jul/2021:04:30:40 +0000
/test/v1/systemNotiSettings,200,81,,,,,,,6.174 ms,12/Jul/2021:04:34:49 +0000
/test/v1/citySelect,200,12812,427,25.2048493,25.2048493,,,,6.006 ms,12/Jul/2021:04:35:07 +0000
/test/v1/citySelect,200,13131,427,25.2048493,25.2048493,City,0.0,search,8.396 ms,12/Jul/2021:04:35:07 +0000
/test/v1/systemNotiSettings,200,81,,,,,,,5.968 ms,12/Jul/2021:04:36:35 +0000
/test/v1/citySelect,200,12812,427,25.2048493,25.2048493,,,,5.704 ms,12/Jul/2021:04:36:54 +0000
/test/v1/citySelect,200,13131,427,25.2048493,25.2048493,City,0.0,search,5.153 ms,12/Jul/2021:04:36:54 +0000
/test/v1/systemNotiSettings,200,81,,,,,,,6.754 ms,12/Jul/2021:04:42:39 +0000
/test/v1/citySelect,200,12812,427,25.2048493,25.2048493,,,,5.182 ms,12/Jul/2021:04:42:48 +0000
/test/v1/citySelect,200,13131,427,25.2048493,25.2048493,City,0.0,search,6.266 ms,12/Jul/2021:04:42:48 +0000
/test/v1/systemNotiSettings,200,81,,,,,,,9.470 ms,12/Jul/2021:04:43:49 +0000
/test/v1/citySelect,200,12812,427,25.2048493,25.2048493,,,,5.800 ms,12/Jul/2021:04:43:52 +0000
/test/v1/citySelect,200,13131,427,25.2048493,25.2048493,City,0.0,search,5.104 ms,12/Jul/2021:04:43:52 +0000
/test/v1/systemNotiSettings,200,81,,,,,,,5.956 ms,12/Jul/2021:05:01:44 +0000
/test/v1/systemNotiSettings,200,81,,,,,,,8.219 ms,12/Jul/2021:05:02:40 +0000
/test/v1/systemNotiSettings,200,81,,,,,,,6.000 ms,12/Jul/2021:05:03:49 +0000
/test/v1/systemNotiSettings,200,81,,,,,,,6.119 ms,12/Jul/2021:05:08:51 +0000
/test/v1/citySelect,200,12812,427,25.2048493,25.2048493,,,,6.524 ms,12/Jul/2021:05:09:06 +0000
/test/v1/citySelect,200,13131,427,25.2048493,25.2048493,City,0.0,search,7.192 ms,12/Jul/2021:05:09:06 +0000
/test/v1/systemNotiSettings,200,81,,,,,,,6.961 ms,12/Jul/2021:05:11:40 +0000
/test/v1/citySelect,200,12812,427,25.2048493,25.2048493,,,,4.969 ms,12/Jul/2021:05:11:42 +0000
/test/v1/citySelect,200,13131,427,25.2048493,25.2048493,City,0.0,search,5.337 ms,12/Jul/2021:05:11:42 +0000
/test/v1/systemNotiSettings,200,81,,,,,,,5.990 ms,12/Jul/2021:05:13:06 +0000
/test/v1/citySelect,200,12812,427,25.2048493,25.2048493,,,,4.741 ms,12/Jul/2021:05:13:13 +0000
/test/v1/citySelect,200,13131,427,25.2048493,25.2048493,City,0.0,search,5.356 ms,12/Jul/2021:05:13:14 +0000
/test/v1/systemNotiSettings,200,81,,,,,,,6.965 ms,12/Jul/2021:05:14:02 +0000
/test/v1/citySelect,200,12812,427,25.2048493,25.2048493,,,,5.405 ms,12/Jul/2021:05:14:03 +0000
/test/v1/citySelect,200,13131,427,25.2048493,25.2048493,City,0.0,search,5.795 ms,12/Jul/2021:05:14:04 +0000
/test/v1/systemNotiSettings,200,81,,,,,,,5.803 ms,12/Jul/2021:05:15:14 +0000
/test/v1/citySelect,200,12812,427,25.2048493,25.2048493,,,,5.150 ms,12/Jul/2021:05:15:21 +0000
/test/v1/citySelect,200,13131,427,25.2048493,25.2048493,City,0.0,search,5.938 ms,12/Jul/2021:05:15:21 +0000
/test/v1/systemNotiSettings,200,81,,,,,,,5.839 ms,12/Jul/2021:05:18:15 +0000
/test/v1/citySelect,200,12812,427,25.2048493,25.2048493,,,,5.411 ms,12/Jul/2021:05:18:19 +0000
/test/v1/citySelect,200,13131,427,25.2048493,25.2048493,City,0.0,search,5.016 ms,12/Jul/2021:05:18:19 +0000
/test/v1/systemNotiSettings,200,81,,,,,,,6.224 ms,12/Jul/2021:05:22:44 +0000
/test/v1/citySelect,200,12812,427,25.2048493,25.2048493,,,,5.710 ms,12/Jul/2021:05:22:46 +0000
/test/v1/citySelect,200,13131,427,25.2048493,25.2048493,City,0.0,search,5.408 ms,12/Jul/2021:05:22:46 +0000
/test/v1/systemNotiSettings,200,81,,,,,,,6.546 ms,12/Jul/2021:05:26:42 +0000
/test/v1/systemNotiSettings,200,81,,,,,,,7.170 ms,12/Jul/2021:05:28:21 +0000
/test/v1/citySelect,200,12812,427,25.2048493,25.2048493,,,,5.953 ms,12/Jul/2021:05:28:37 +0000
/test/v1/citySelect,200,13131,427,25.2048493,25.2048493,City,0.0,search,5.071 ms,12/Jul/2021:05:28:38 +0000
/test/v1/systemNotiSettings,200,81,,,,,,,5.494 ms,12/Jul/2021:05:29:39 +0000
/test/v1/citySelect,200,12812,427,25.2048493,25.2048493,,,,5.592 ms,12/Jul/2021:05:29:56 +0000
/test/v1/citySelect,200,13131,427,25.2048493,25.2048493,City,0.0,search,5.916 ms,12/Jul/2021:05:29:56 +0000
/test/v1/systemNotiSettings,200,81,,,,,,,6.563 ms,12/Jul/2021:05:30:35 +0000
/test/v1/citySelect,200,12812,427,25.2048493,25.2048493,,,,7.179 ms,12/Jul/2021:05:30:39 +0000
/test/v1/citySelect,200,13131,427,25.2048493,25.2048493,City,0.0,search,4.980 ms,12/Jul/2021:05:30:39 +0000
/test/v1/systemNotiSettings,200,81,,,,,,,6.208 ms,12/Jul/2021:05:31:36 +0000
/test/v1/citySelect,200,12812,427,25.2048493,25.2048493,,,,5.806 ms,12/Jul/2021:05:31:39 +0000
/test/v1/citySelect,200,13131,427,25.2048493,25.2048493,City,0.0,search,5.277 ms,12/Jul/2021:05:31:39 +0000
/test/v1/systemNotiSettings,200,81,,,,,,,5.917 ms,12/Jul/2021:05:32:28 +0000
/test/v1/citySelect,200,12812,427,25.2048493,25.2048493,,,,5.025 ms,12/Jul/2021:05:32:29 +0000
/test/v1/citySelect,200,13131,427,25.2048493,25.2048493,City,0.0,search,5.216 ms,12/Jul/2021:05:32:30 +0000
/test/v1/systemNotiSettings,200,81,,,,,,,5.681 ms,12/Jul/2021:05:33:47 +0000
/test/v1/citySelect,200,12812,427,25.2048493,25.2048493,,,,5.016 ms,12/Jul/2021:05:33:56 +0000
/test/v1/citySelect,200,13131,427,25.2048493,25.2048493,City,0.0,search,5.167 ms,12/Jul/2021:05:33:56 +0000
/test/v1/systemNotiSettings,200,81,,,,,,,5.707 ms,12/Jul/2021:05:39:58 +0000
/test/v1/citySelect,200,12812,427,25.2048493,25.2048493,,,,5.220 ms,12/Jul/2021:05:40:04 +0000
/test/v1/citySelect,200,13131,427,25.2048493,25.2048493,City,0.0,search,4.951 ms,12/Jul/2021:05:40:04 +0000
/test/v1/systemNotiSettings,200,81,,,,,,,6.639 ms,12/Jul/2021:05:50:02 +0000
/test/v1/systemNotiSettings,200,81,,,,,,,6.194 ms,12/Jul/2021:06:11:25 +0000
/test/v1/citySelect,200,12820,466,19.1181855,19.1181855,,,,5.144 ms,12/Jul/2021:06:12:32 +0000
/test/v1/citySelect,200,13131,466,19.1181855,19.1181855,City,1.0,search,4.773 ms,12/Jul/2021:06:12:32 +0000
/test/v1/citySelect,200,13131,,25.0861437,25.0861437,City,0.0,search,5.581 ms,12/Jul/2021:06:13:21 +0000
/test/v1/citySelect,200,13131,,25.0861437,25.0861437,,,,5.128 ms,12/Jul/2021:06:13:22 +0000
/test/v1/systemNotiSettings,200,81,,,,,,,8.262 ms,12/Jul/2021:06:13:22 +0000
/test/v1/citySelect,200,13131,427,25.0861437,25.0861437,City,0.0,search,7.221 ms,12/Jul/2021:06:13:22 +0000
/test/v1/citySelect,200,12812,427,25.0861437,25.0861437,,,,8.102 ms,12/Jul/2021:06:13:22 +0000
/test/v1/save_device_token,200,82,,,,,,,7.421 ms,12/Jul/2021:06:13:22 +0000
/test/v1/privacy,200,14322,,,,,,,2.823 ms,12/Jul/2021:06:13:41 +0000
/test/v1/check_user_exists,200,113,,,,EMAIL,,,2.978 ms,12/Jul/2021:06:13:49 +0000
/test/v1/user_create,200,802,,,,EMAIL,,,9.778 ms,12/Jul/2021:06:13:52 +0000
/test/v1/systemNotiSettings,200,81,,,,,,,6.831 ms,12/Jul/2021:06:13:53 +0000
/test/v1/save_device_token,200,82,,,,,,,6.989 ms,12/Jul/2021:06:13:54 +0000
/test/v1/citySelect,200,12812,427,25.0858026,25.0858026,,,,5.562 ms,12/Jul/2021:06:13:59 +0000
/test/v1/citySelect,200,13131,427,25.0858026,25.0858026,City,0.0,search,14.030 ms,12/Jul/2021:06:14:00 +0000
/test/v1/privacy,200,14322,,,,,,,2.366 ms,12/Jul/2021:06:14:06 +0000
/test/v2/find_email_friends,200,254,,,,,,,4.345 ms,12/Jul/2021:06:14:11 +0000
/test/v1/search_user,200,10366,427,25.0858026,25.0858026,,,,103.994 ms,12/Jul/2021:06:14:11 +0000
/test/v1/systemNotiSettings,200,81,,,,,,,7.717 ms,12/Jul/2021:06:14:12 +0000
/test/v1/citySelect,200,12812,427,25.2048493,25.2048493,,,,6.148 ms,12/Jul/2021:06:14:17 +0000
/test/v1/citySelect,200,13131,427,25.2048493,25.2048493,City,0.0,search,6.923 ms,12/Jul/2021:06:14:17 +0000
/test/v1/systemNotiSettings,200,81,,,,,,,6.483 ms,12/Jul/2021:06:14:40 +0000
/test/v1/systemNotiSettings,200,81,,,,,,,6.890 ms,12/Jul/2021:06:15:25 +0000
/test/v1/citySelect,200,12812,427,25.2048493,25.2048493,,,,4.980 ms,12/Jul/2021:06:15:25 +0000
/test/v1/save_device_token,200,82,,,,,,,6.169 ms,12/Jul/2021:06:15:26 +0000
/test/v1/citySelect,200,13131,427,25.2048493,25.2048493,City,0.0,search,5.891 ms,12/Jul/2021:06:15:26 +0000
/test/v1/systemNotiSettings,200,81,,,,,,,7.354 ms,12/Jul/2021:06:15:34 +0000
/test/v1/systemNotiSettings,200,81,,,,,,,5.760 ms,12/Jul/2021:06:22:23 +0000
/test/v1/systemNotiSettings,200,81,,,,,,,7.028 ms,12/Jul/2021:06:31:51 +0000
/test/v1/systemNotiSettings,200,81,,,,,,,6.083 ms,12/Jul/2021:06:37:11 +0000
/test/v1/citySelect,200,12820,466,19.1181855,19.1181855,,,,6.074 ms,12/Jul/2021:06:37:18 +0000
/test/v1/citySelect,200,12820,466,19.1181855,19.1181855,,,,9.411 ms,12/Jul/2021:06:37:20 +0000
/test/v1/systemNotiSettings,200,81,,,,,,,6.951 ms,12/Jul/2021:06:38:00 +0000
/test/v1/systemNotiSettings,200,81,,,,,,,5.870 ms,12/Jul/2021:06:38:18 +0000
/test/v1/systemNotiSettings,200,81,,,,,,,9.425 ms,12/Jul/2021:06:38:21 +0000
/test/v1/citySelect,200,12820,466,19.1180589,19.1180589,,,,8.060 ms,12/Jul/2021:06:39:27 +0000
/test/v1/citySelect,200,13131,466,19.1180589,19.1180589,City,1.0,search,5.665 ms,12/Jul/2021:06:39:27 +0000
/test/v1/systemNotiSettings,200,81,,,,,,,6.128 ms,12/Jul/2021:07:33:14 +0000
/test/v1/citySelect,200,12812,427,25.2048493,25.2048493,,,,5.031 ms,12/Jul/2021:07:33:21 +0000
/test/v1/citySelect,200,13131,427,25.2048493,25.2048493,City,0.0,search,5.208 ms,12/Jul/2021:07:33:21 +0000
/test/v1/systemNotiSettings,200,81,,,,,,,5.748 ms,12/Jul/2021:07:33:59 +0000
/test/v1/systemNotiSettings,200,81,,,,,,,6.713 ms,12/Jul/2021:07:36:49 +0000
/test/v1/citySelect,200,12812,427,25.2048493,25.2048493,,,,5.413 ms,12/Jul/2021:07:36:57 +0000
/test/v1/citySelect,200,13131,427,25.2048493,25.2048493,City,0.0,search,6.599 ms,12/Jul/2021:07:36:57 +0000
/test/v1/systemNotiSettings,200,81,,,,,,,6.623 ms,12/Jul/2021:07:44:08 +0000
/test/v1/privacy,200,14322,,,,,,,4.624 ms,12/Jul/2021:07:44:09 +0000
/test/v1/systemNotiSettings,200,81,,,,,,,6.004 ms,12/Jul/2021:07:44:17 +0000
/test/v1/privacy,200,14322,,,,,,,2.976 ms,12/Jul/2021:07:44:23 +0000
/test/v1/systemNotiSettings,200,81,,,,,,,6.646 ms,12/Jul/2021:07:44:30 +0000
/test/v1/privacy,200,14322,,,,,,,2.520 ms,12/Jul/2021:07:44:34 +0000
/test/v1/citySelect,200,12812,427,25.0857185,25.0857185,,,,5.510 ms,12/Jul/2021:07:44:36 +0000
/test/v1/citySelect,200,13131,427,25.0857185,25.0857185,City,1.0,search,6.296 ms,12/Jul/2021:07:44:36 +0000
/test/v1/systemNotiSettings,200,81,,,,,,,5.868 ms,12/Jul/2021:07:46:57 +0000
/test/v1/systemNotiSettings,200,81,,,,,,,8.124 ms,12/Jul/2021:07:47:13 +0000
/test/v1/send_notification,200,2,,,,,,,30.414 ms,12/Jul/2021:08:00:01 +0000
/test/v1/send_notification,200,2,,,,,,,14.459 ms,12/Jul/2021:08:00:01 +0000
/test/v1/systemNotiSettings,200,81,,,,,,,6.698 ms,12/Jul/2021:08:33:19 +0000
/test/v1/privacy,200,14322,,,,,,,2.642 ms,12/Jul/2021:08:33:29 +0000
/test/v1/check_user_exists,200,113,,,,EMAIL,,,2.563 ms,12/Jul/2021:08:35:12 +0000
/test/v1/user_create,200,802,,,,EMAIL,,,6.987 ms,12/Jul/2021:08:35:15 +0000
/test/v1/systemNotiSettings,200,81,,,,,,,5.999 ms,12/Jul/2021:08:35:15 +0000
/test/v1/save_device_token,200,82,,,,,,,6.977 ms,12/Jul/2021:08:35:16 +0000
/test/v1/privacy,200,14322,,,,,,,2.479 ms,12/Jul/2021:08:35:23 +0000
/test/v1/check_user_exists,200,65,,,,EMAIL,,,2.473 ms,12/Jul/2021:08:35:31 +0000
/test/v1/check_user_exists,200,113,,,,EMAIL,,,2.548 ms,12/Jul/2021:08:35:34 +0000
/test/v1/user_create,200,183,,,,EMAIL,,,2.724 ms,12/Jul/2021:08:35:41 +0000
/test/v1/systemNotiSettings,200,81,,,,,,,6.687 ms,12/Jul/2021:08:42:04 +0000
/test/v1/systemNotiSettings,200,81,,,,,,,7.972 ms,12/Jul/2021:08:52:35 +0000
/test/v1/systemNotiSettings,200,81,,,,,,,18.776 ms,12/Jul/2021:08:52:50 +0000
/test/v1/friends_category_grabs,200,1039,466,19.1181031,19.1181031,,,,64.131 ms,12/Jul/2021:08:52:51 +0000
/test/v1/citySelect,200,12820,466,19.1181031,19.1181031,,,,5.800 ms,12/Jul/2021:08:52:52 +0000
/test/v1/citySelect,200,13131,466,19.1181031,19.1181031,City,1.0,search,5.402 ms,12/Jul/2021:08:52:52 +0000
/test/v1/systemNotiSettings,200,81,,,,,,,6.270 ms,12/Jul/2021:08:56:00 +0000
/test/v1/systemNotiSettings,200,81,,,,,,,6.283 ms,12/Jul/2021:09:04:16 +0000
/test/v1/systemNotiSettings,200,81,,,,,,,6.402 ms,12/Jul/2021:10:18:51 +0000
/test/v1/citySelect,200,12812,427,25.2048493,25.2048493,,,,5.233 ms,12/Jul/2021:10:18:59 +0000
/test/v1/citySelect,200,13131,427,25.2048493,25.2048493,City,0.0,search,8.607 ms,12/Jul/2021:10:19:00 +0000
/test/v1/citySelect,200,12812,427,25.2048493,25.2048493,,,,6.076 ms,12/Jul/2021:10:19:21 +0000
/test/v1/systemNotiSettings,200,81,,,,,,,7.002 ms,12/Jul/2021:10:21:23 +0000
/test/v1/systemNotiSettings,200,81,,,,,,,5.806 ms,12/Jul/2021:10:22:17 +0000
/test/v1/citySelect,200,13131,,25.2048493,25.2048493,,,,4.919 ms,12/Jul/2021:10:22:18 +0000
/test/v1/citySelect,200,1700,,25.2048493,25.2048493,,,,262.842 ms,12/Jul/2021:10:22:21 +0000
/test/v1/citySelect,200,383,,25.2048493,25.2048493,,,,221.472 ms,12/Jul/2021:10:22:22 +0000
/test/v1/citySelect,200,12820,466,19.0759837,19.0759837,,,,5.478 ms,12/Jul/2021:10:22:23 +0000
/test/v1/citySelect,200,13131,466,19.0759837,19.0759837,City,0.0,search,5.392 ms,12/Jul/2021:10:22:23 +0000
/test/v1/citySelect,200,13131,427,25.2048493,25.2048493,City,0.0,search,5.875 ms,12/Jul/2021:10:22:30 +0000
/test/v1/citySelect,200,12812,427,25.2048493,25.2048493,,,,9.282 ms,12/Jul/2021:10:22:30 +0000
/test/v1/systemNotiSettings,200,81,,,,,,,8.502 ms,12/Jul/2021:10:26:53 +0000
/test/v1/systemNotiSettings,200,81,,,,,,,10.343 ms,12/Jul/2021:10:27:13 +0000
/test/v1/systemNotiSettings,200,81,,,,,,,13.442 ms,12/Jul/2021:10:28:01 +0000
/test/v1/citySelect,200,1076,,25.2048493,25.2048493,,,,160.070 ms,12/Jul/2021:10:28:05 +0000
/test/v1/citySelect,200,12820,466,19.0759837,19.0759837,,,,5.574 ms,12/Jul/2021:10:28:06 +0000
/test/v1/citySelect,200,13131,466,19.0759837,19.0759837,City,0.0,search,8.257 ms,12/Jul/2021:10:28:07 +0000
/test/v1/systemNotiSettings,200,81,,,,,,,5.943 ms,12/Jul/2021:10:28:10 +0000
/test/v1/systemNotiSettings,200,81,,,,,,,12.884 ms,12/Jul/2021:10:28:14 +0000
/test/v1/systemNotiSettings,200,81,,,,,,,8.909 ms,12/Jul/2021:10:30:18 +0000
/test/v1/systemNotiSettings,200,81,,,,,,,9.352 ms,12/Jul/2021:10:31:09 +0000
/test/v1/systemNotiSettings,200,81,,,,,,,8.257 ms,12/Jul/2021:10:31:26 +0000
/test/v1/systemNotiSettings,200,81,,,,,,,6.248 ms,12/Jul/2021:10:35:02 +0000
/test/v1/citySelect,200,13131,427,25.2048493,25.2048493,City,0.0,search,5.664 ms,12/Jul/2021:10:39:25 +0000
/test/v1/citySelect,200,12812,427,25.2048493,25.2048493,,,,5.536 ms,12/Jul/2021:10:39:25 +0000
/test/v1/privacy,200,14322,,,,,,,2.334 ms,12/Jul/2021:10:40:42 +0000
/test/v1/check_user_exists,200,115,,,,EMAIL,,,2.628 ms,12/Jul/2021:10:40:56 +0000
/test/v1/user_create,200,811,,,,EMAIL,,,5.855 ms,12/Jul/2021:10:41:03 +0000
/test/v1/citySelect,200,2802,,0.0,0.0,,,,653.865 ms,12/Jul/2021:10:41:10 +0000
/test/v1/citySelect,200,2782,,0.0,0.0,,,,223.307 ms,12/Jul/2021:10:41:10 +0000
/test/v1/systemNotiSettings,200,81,,,,,,,6.277 ms,12/Jul/2021:10:41:12 +0000
/test/v1/citySelect,200,12812,427,25.2048493,25.2048493,,,,7.293 ms,12/Jul/2021:10:41:15 +0000
/test/v1/citySelect,200,13131,427,25.2048493,25.2048493,City,0.0,search,5.252 ms,12/Jul/2021:10:41:15 +0000
/test/v1/systemNotiSettings,200,81,,,,,,,20.388 ms,12/Jul/2021:10:44:17 +0000
/test/v1/check_user_exists,200,113,,,,EMAIL,,,7.372 ms,12/Jul/2021:10:45:10 +0000
/test/v1/user_create,200,802,,,,EMAIL,,,57.040 ms,12/Jul/2021:10:45:14 +0000
/test/v1/systemNotiSettings,200,81,,,,,,,10.296 ms,12/Jul/2021:10:45:14 +0000
/test/v1/save_device_token,200,82,,,,,,,7.197 ms,12/Jul/2021:10:45:15 +0000
/test/v1/citySelect,200,12812,427,25.0858429,25.0858429,,,,13.652 ms,12/Jul/2021:10:45:20 +0000
/test/v1/citySelect,200,13131,427,25.0858429,25.0858429,City,0.0,search,7.934 ms,12/Jul/2021:10:45:20 +0000
/test/v1/privacy,200,14322,,,,,,,3.663 ms,12/Jul/2021:10:45:49 +0000
/test/v2/find_email_friends,200,254,,,,,,,90.393 ms,12/Jul/2021:10:45:54 +0000
/test/v1/search_user,200,10366,427,25.0858429,25.0858429,,,,58.277 ms,12/Jul/2021:10:45:54 +0000
/test/v1/systemNotiSettings,200,81,,,,,,,9.546 ms,12/Jul/2021:10:48:58 +0000
/test/v1/systemNotiSettings,200,81,,,,,,,6.520 ms,12/Jul/2021:10:50:56 +0000
/test/v1/systemNotiSettings,200,81,,,,,,,8.374 ms,12/Jul/2021:10:54:17 +0000
/test/v2/find_email_friends,200,254,,,,,,,110.614 ms,12/Jul/2021:10:54:17 +0000
/test/v1/search_user,200,10366,427,25.0858429,25.0858429,,,,57.962 ms,12/Jul/2021:10:54:17 +0000
/test/v1/privacy,200,14322,,,,,,,2.754 ms,12/Jul/2021:10:55:08 +0000
/test/v2/find_email_friends,200,254,,,,,,,117.235 ms,12/Jul/2021:10:55:12 +0000
/test/v1/search_user,200,10366,427,25.0858429,25.0858429,,,,57.928 ms,12/Jul/2021:10:55:12 +0000
/test/v1/systemNotiSettings,200,81,,,,,,,6.299 ms,12/Jul/2021:10:55:25 +0000
/test/v1/save_device_token,200,82,,,,,,,6.294 ms,12/Jul/2021:10:58:08 +0000
/test/v1/systemNotiSettings,200,81,,,,,,,6.553 ms,12/Jul/2021:10:58:08 +0000
/test/v1/citySelect,200,12812,427,25.2048493,25.2048493,,,,16.559 ms,12/Jul/2021:10:58:12 +0000
/test/v1/citySelect,200,13131,427,25.2048493,25.2048493,City,0.0,search,23.414 ms,12/Jul/2021:10:58:12 +0000
/test/v1/systemNotiSettings,200,81,,,,,,,8.834 ms,12/Jul/2021:11:03:04 +0000
/test/v1/systemNotiSettings,200,81,,,,,,,6.125 ms,12/Jul/2021:11:04:53 +0000
/test/v1/citySelect,200,12812,427,25.2048493,25.2048493,,,,15.934 ms,12/Jul/2021:11:04:58 +0000
/test/v1/citySelect,200,13131,427,25.2048493,25.2048493,City,0.0,search,8.967 ms,12/Jul/2021:11:04:58 +0000
/test/v1/citySelect,200,12812,427,25.2048493,25.2048493,,,,6.831 ms,12/Jul/2021:11:05:42 +0000
/test/v1/systemNotiSettings,200,81,,,,,,,6.791 ms,12/Jul/2021:11:05:50 +0000
/test/v1/systemNotiSettings,200,81,,,,,,,18.996 ms,12/Jul/2021:11:08:58 +0000
/test/v1/citySelect,200,12820,466,19.1180825,19.1180825,,,,18.555 ms,12/Jul/2021:11:09:23 +0000
/test/v1/citySelect,200,13131,466,19.1180825,19.1180825,City,1.0,search,6.651 ms,12/Jul/2021:11:10:10 +0000
/test/v1/systemNotiSettings,200,81,,,,,,,6.714 ms,12/Jul/2021:11:21:42 +0000
/test/v1/systemNotiSettings,200,81,,,,,,,8.940 ms,12/Jul/2021:11:38:03 +0000
/test/v1/systemNotiSettings,200,81,,,,,,,6.629 ms,12/Jul/2021:11:38:50 +0000
/test/v1/systemNotiSettings,200,81,,,,,,,7.634 ms,12/Jul/2021:11:39:03 +0000
/test/v2/find_email_friends,200,57,,,,,,,70.576 ms,12/Jul/2021:11:39:39 +0000
/test/v1/search_user,200,10478,427,25.2048493,25.2048493,,,,55.264 ms,12/Jul/2021:11:39:40 +0000
/test/v1/systemNotiSettings,200,81,,,,,,,6.537 ms,12/Jul/2021:11:47:02 +0000
/test/v1/systemNotiSettings,200,81,,,,,,,7.042 ms,12/Jul/2021:11:58:50 +0000
/test/v1/systemNotiSettings,200,81,,,,,,,6.256 ms,12/Jul/2021:11:59:46 +0000
/test/v1/systemNotiSettings,200,81,,,,,,,6.838 ms,12/Jul/2021:12:00:23 +0000
/test/v1/citySelect,200,12812,427,25.0862768,25.0862768,,,,7.284 ms,12/Jul/2021:12:00:24 +0000
/test/v1/citySelect,200,13131,427,25.0862768,25.0862768,City,0.0,search,8.033 ms,12/Jul/2021:12:00:24 +0000
/test/v1/citySelect,200,13131,427,25.0862768,25.0862768,City,0.0,search,8.323 ms,12/Jul/2021:12:00:25 +0000
/test/v1/citySelect,200,12812,427,25.0862768,25.0862768,,,,7.162 ms,12/Jul/2021:12:00:25 +0000
/test/v1/systemNotiSettings,200,81,,,,,,,6.490 ms,12/Jul/2021:12:09:25 +0000
/test/v1/citySelect,200,13131,33134,29.9369004,29.9369004,,,,6.197 ms,12/Jul/2021:12:09:30 +0000
/test/v1/citySelect,200,13131,33134,29.9369004,29.9369004,City,1.0,search,5.530 ms,12/Jul/2021:12:09:31 +0000
/test/v1/citySelect,200,13131,,29.9369004,29.9369004,,,,6.479 ms,12/Jul/2021:12:09:40 +0000
/test/v1/citySelect,200,13131,424,51.5073509,51.5073509,City,1.0,search,6.756 ms,12/Jul/2021:12:09:42 +0000
/test/v1/citySelect,200,12440,424,51.5073509,51.5073509,,,,7.609 ms,12/Jul/2021:12:09:42 +0000
/test/v1/systemNotiSettings,200,81,,,,,,,5.596 ms,12/Jul/2021:12:10:29 +0000
/test/v1/citySelect,200,13131,33134,29.9367514,29.9367514,City,1.0,search,6.719 ms,12/Jul/2021:12:10:30 +0000
/test/v1/citySelect,200,13131,33134,29.9367514,29.9367514,,,,7.610 ms,12/Jul/2021:12:10:30 +0000
/test/v1/citySelect,200,13131,33134,29.9367514,29.9367514,,,,7.434 ms,12/Jul/2021:12:10:30 +0000
/test/v1/citySelect,200,13131,33134,29.9367514,29.9367514,City,1.0,search,8.629 ms,12/Jul/2021:12:10:30 +0000
/test/v1/citySelect,200,13131,33134,29.9369004,29.9369004,City,1.0,search,6.318 ms,12/Jul/2021:12:10:30 +0000
/test/v1/citySelect,200,13131,33134,29.9369004,29.9369004,,,,26.417 ms,12/Jul/2021:12:10:30 +0000
/test/v1/citySelect,200,12440,424,51.5073509,51.5073509,,,,11.579 ms,12/Jul/2021:12:10:33 +0000
/test/v1/citySelect,200,13131,424,51.5073509,51.5073509,City,1.0,search,12.520 ms,12/Jul/2021:12:10:33 +0000
/test/v1/citySelect,200,13131,33134,29.9367343,29.9367343,City,1.0,search,8.416 ms,12/Jul/2021:12:11:02 +0000
/test/v1/citySelect,200,13131,33134,29.9367343,29.9367343,,,,9.110 ms,12/Jul/2021:12:11:02 +0000
/test/v1/citySelect,200,13131,33134,29.9367343,29.9367343,City,1.0,search,6.925 ms,12/Jul/2021:12:11:03 +0000
/test/v1/citySelect,200,13131,33134,29.9367343,29.9367343,,,,8.534 ms,12/Jul/2021:12:11:03 +0000
/test/v1/citySelect,200,13131,33134,29.9367343,29.9367343,,,,8.930 ms,12/Jul/2021:12:11:03 +0000
/test/v1/citySelect,200,13131,33134,29.9367343,29.9367343,City,1.0,search,11.917 ms,12/Jul/2021:12:11:03 +0000
/test/v1/citySelect,200,13131,33134,29.9367343,29.9367343,City,1.0,search,6.549 ms,12/Jul/2021:12:11:04 +0000
/test/v1/citySelect,200,13131,33134,29.9367343,29.9367343,,,,8.075 ms,12/Jul/2021:12:11:04 +0000
/test/v1/citySelect,200,13131,424,51.5073509,51.5073509,City,1.0,search,8.042 ms,12/Jul/2021:12:11:15 +0000
/test/v1/citySelect,200,12440,424,51.5073509,51.5073509,,,,12.317 ms,12/Jul/2021:12:11:15 +0000
/test/v1/citySelect,200,13131,435,40.7127837,40.7127837,City,1.0,search,9.360 ms,12/Jul/2021:12:11:25 +0000
/test/v1/citySelect,200,12812,435,40.7127837,40.7127837,,,,10.474 ms,12/Jul/2021:12:11:25 +0000
/test/v1/systemNotiSettings,200,81,,,,,,,6.371 ms,12/Jul/2021:12:15:13 +0000
/test/v1/citySelect,200,13131,427,25.2048493,25.2048493,City,0.0,search,6.379 ms,12/Jul/2021:12:15:13 +0000
/test/v1/citySelect,200,12812,427,25.2048493,25.2048493,,,,8.699 ms,12/Jul/2021:12:15:13 +0000
/test/v1/systemNotiSettings,200,81,,,,,,,10.622 ms,12/Jul/2021:12:15:16 +0000
/test/v1/citySelect,200,13131,,19.1180825,19.1180825,,,,5.443 ms,12/Jul/2021:12:15:31 +0000
/test/v1/citySelect,200,12812,427,25.2048493,25.2048493,,,,8.900 ms,12/Jul/2021:12:15:33 +0000
/test/v1/citySelect,200,73,427,25.2048493,25.2048493,City,1.0,search,317.932 ms,12/Jul/2021:12:15:34 +0000
/test/v1/citySelect,200,2805,,25.2048493,25.2048493,,,,196.334 ms,12/Jul/2021:12:15:38 +0000
/test/v1/citySelect,200,2101,,25.2048493,25.2048493,,,,182.804 ms,12/Jul/2021:12:15:39 +0000
/test/v1/citySelect,200,764,,25.2048493,25.2048493,,,,135.023 ms,12/Jul/2021:12:15:39 +0000
/test/v1/citySelect,200,13131,33134,29.9429587,29.9429587,,,,7.487 ms,12/Jul/2021:12:15:40 +0000
/test/v1/citySelect,200,13131,33134,29.9429587,29.9429587,City,0.0,search,10.246 ms,12/Jul/2021:12:15:40 +0000
/test/v1/citySelect,200,3849,,25.2048493,25.2048493,,,,181.919 ms,12/Jul/2021:12:15:43 +0000
/test/v1/citySelect,200,2469,,25.2048493,25.2048493,,,,186.541 ms,12/Jul/2021:12:15:44 +0000
/test/v1/citySelect,200,2124,,25.2048493,25.2048493,,,,186.612 ms,12/Jul/2021:12:15:44 +0000
/test/v1/citySelect,200,13131,33134,29.9429587,29.9429587,,,,9.566 ms,12/Jul/2021:12:15:48 +0000
/test/v1/citySelect,200,764,,25.2048493,25.2048493,,,,125.585 ms,12/Jul/2021:12:15:52 +0000
/test/v1/citySelect,200,73,33134,29.9429587,29.9429587,City,1.0,search,257.734 ms,12/Jul/2021:12:15:54 +0000
/test/v1/citySelect,200,13131,33134,29.9429587,29.9429587,,,,5.418 ms,12/Jul/2021:12:15:55 +0000
/test/v1/citySelect,200,764,,25.2048493,25.2048493,,,,171.006 ms,12/Jul/2021:12:16:01 +0000
/test/v1/citySelect,200,13131,33134,29.9429587,29.9429587,,,,5.091 ms,12/Jul/2021:12:16:01 +0000
/test/v1/citySelect,200,13131,33134,29.9429587,29.9429587,,,,5.518 ms,12/Jul/2021:12:16:05 +0000
/test/v1/citySelect,200,13131,33134,29.9429587,29.9429587,,,,5.968 ms,12/Jul/2021:12:16:13 +0000
/test/v1/citySelect,200,13131,33134,29.9429587,29.9429587,,,,8.490 ms,12/Jul/2021:12:16:16 +0000
/test/v1/systemNotiSettings,200,81,,,,,,,6.861 ms,12/Jul/2021:12:16:48 +0000
/test/v1/systemNotiSettings,200,81,,,,,,,6.229 ms,12/Jul/2021:12:16:57 +0000
/test/v1/citySelect,200,13131,33134,29.9367695,29.9367695,,,,5.856 ms,12/Jul/2021:12:16:57 +0000
/test/v1/citySelect,200,13131,33134,29.9367695,29.9367695,City,1.0,search,6.297 ms,12/Jul/2021:12:16:57 +0000
/test/v1/citySelect,200,13131,33134,29.9367695,29.9367695,City,1.0,search,5.576 ms,12/Jul/2021:12:16:57 +0000
/test/v1/citySelect,200,13131,33134,29.9367695,29.9367695,,,,5.240 ms,12/Jul/2021:12:16:58 +0000
/test/v1/citySelect,200,13131,33134,29.9367343,29.9367343,City,1.0,search,8.317 ms,12/Jul/2021:12:16:59 +0000
/test/v1/citySelect,200,13131,33134,29.9367343,29.9367343,,,,10.779 ms,12/Jul/2021:12:16:59 +0000
/test/v1/citySelect,200,12440,424,51.5073509,51.5073509,,,,7.017 ms,12/Jul/2021:12:17:43 +0000
/test/v1/citySelect,200,13131,424,51.5073509,51.5073509,City,1.0,search,5.459 ms,12/Jul/2021:12:17:43 +0000
/test/v1/citySelect,200,13131,33134,29.9429587,29.9429587,,,,5.790 ms,12/Jul/2021:12:21:41 +0000
/test/v1/citySelect,200,12812,427,25.2048493,25.2048493,,,,7.747 ms,12/Jul/2021:12:21:47 +0000
/test/v1/citySelect,200,13131,427,25.2048493,25.2048493,City,0.0,search,6.255 ms,12/Jul/2021:12:21:48 +0000
/test/v1/citySelect,200,2101,,25.2048493,25.2048493,,,,182.978 ms,12/Jul/2021:12:21:54 +0000
/test/v1/citySelect,200,2469,,25.2048493,25.2048493,,,,147.579 ms,12/Jul/2021:12:21:55 +0000
/test/v1/citySelect,200,764,,25.2048493,25.2048493,,,,165.127 ms,12/Jul/2021:12:21:55 +0000
/test/v1/citySelect,200,1752,,25.2048493,25.2048493,,,,2768.837 ms,12/Jul/2021:12:21:56 +0000
/test/v1/citySelect,200,13131,33134,29.9429587,29.9429587,,,,7.876 ms,12/Jul/2021:12:21:56 +0000
/test/v1/citySelect,200,13131,33134,29.9429587,29.9429587,City,0.0,search,9.411 ms,12/Jul/2021:12:21:56 +0000
/test/v1/citySelect,200,13131,33134,29.9429587,29.9429587,,,,14.652 ms,12/Jul/2021:12:22:00 +0000
/test/v1/citySelect,200,13131,33134,29.9429587,29.9429587,,,,6.794 ms,12/Jul/2021:12:22:07 +0000
/test/v1/citySelect,200,12812,427,25.2048493,25.2048493,,,,6.071 ms,12/Jul/2021:12:22:49 +0000
/test/v1/citySelect,200,13131,427,25.2048493,25.2048493,City,0.0,search,13.278 ms,12/Jul/2021:12:22:49 +0000
/test/v1/systemNotiSettings,200,81,,,,,,,6.581 ms,12/Jul/2021:12:24:44 +0000
/test/v1/systemNotiSettings,200,81,,,,,,,7.492 ms,12/Jul/2021:12:27:05 +0000
/test/v1/systemNotiSettings,200,81,,,,,,,6.470 ms,12/Jul/2021:12:29:25 +0000
/test/v1/citySelect,200,13131,33134,29.9429587,29.9429587,City,1.0,search,18.313 ms,12/Jul/2021:12:31:58 +0000
/test/v1/citySelect,200,12440,424,51.5073509,51.5073509,,,,8.233 ms,12/Jul/2021:12:32:04 +0000
/test/v1/systemNotiSettings,200,81,,,,,,,8.709 ms,12/Jul/2021:13:20:20 +0000
/test/v1/systemNotiSettings,200,81,,,,,,,33.199 ms,12/Jul/2021:13:26:42 +0000
/test/v1/privacy,200,14322,,,,,,,3.330 ms,12/Jul/2021:13:26:48 +0000
/test/v2/find_email_friends,200,254,,,,,,,73.122 ms,12/Jul/2021:13:26:51 +0000
/test/v1/search_user,200,10366,427,25.0863515,25.0863515,,,,63.714 ms,12/Jul/2021:13:26:51 +0000
/test/v1/systemNotiSettings,200,81,,,,,,,8.492 ms,12/Jul/2021:13:33:57 +0000
/test/v1/systemNotiSettings,200,81,,,,,,,6.659 ms,12/Jul/2021:13:57:02 +0000
/test/v1/citySelect,200,2132,424,51.5073509,51.5073509,City,1.0,search,265.887 ms,12/Jul/2021:13:57:39 +0000
/test/v1/citySelect,200,13131,466,19.1180064,19.1180064,City,1.0,search,10.493 ms,12/Jul/2021:13:57:44 +0000
/test/v1/citySelect,200,12820,466,19.1180064,19.1180064,,,,7.522 ms,12/Jul/2021:13:57:44 +0000
/test/v1/citySelect,200,12820,466,19.1180243,19.1180243,,,,11.637 ms,12/Jul/2021:13:57:46 +0000
/test/v1/citySelect,200,13131,466,19.1180243,19.1180243,City,1.0,search,34.797 ms,12/Jul/2021:13:57:46 +0000
/test/v1/citySelect,200,13131,466,19.1180064,19.1180064,City,1.0,search,6.763 ms,12/Jul/2021:13:57:46 +0000
/test/v1/citySelect,200,12820,466,19.1180064,19.1180064,,,,8.897 ms,12/Jul/2021:13:57:47 +0000
/test/v1/citySelect,200,12820,466,19.1180243,19.1180243,,,,8.396 ms,12/Jul/2021:13:57:47 +0000
/test/v1/citySelect,200,13131,466,19.1180243,19.1180243,City,1.0,search,7.995 ms,12/Jul/2021:13:57:47 +0000
/test/v1/systemNotiSettings,200,81,,,,,,,7.119 ms,12/Jul/2021:14:17:46 +0000
/test/v1/systemNotiSettings,200,81,,,,,,,6.518 ms,12/Jul/2021:14:18:27 +0000
/test/v1/systemNotiSettings,200,81,,,,,,,9.560 ms,12/Jul/2021:14:20:14 +0000
/test/v1/systemNotiSettings,200,81,,,,,,,7.631 ms,12/Jul/2021:15:11:46 +0000
/test/v1/systemNotiSettings,200,81,,,,,,,6.473 ms,12/Jul/2021:15:11:56 +0000
/test/v1/privacy,200,14322,,,,,,,4.391 ms,12/Jul/2021:15:12:02 +0000
/test/v2/find_email_friends,200,254,,,,,,,84.245 ms,12/Jul/2021:15:12:05 +0000
/test/v1/search_user,200,10366,427,25.0859674,25.0859674,,,,104.625 ms,12/Jul/2021:15:12:05 +0000
/test/v1/systemNotiSettings,200,81,,,,,,,12.332 ms,12/Jul/2021:16:23:48 +0000
/test/v1/citySelect,200,12820,466,19.1181701,19.1181701,,,,7.291 ms,12/Jul/2021:16:23:49 +0000
/test/v1/citySelect,200,13131,466,19.1181701,19.1181701,City,1.0,search,6.135 ms,12/Jul/2021:16:23:49 +0000
/test/v1/systemNotiSettings,200,81,,,,,,,6.335 ms,12/Jul/2021:16:28:07 +0000
/test/v1/systemNotiSettings,200,81,,,,,,,7.302 ms,12/Jul/2021:16:28:10 +0000
/test/v1/citySelect,200,3242,,19.1181701,19.1181701,,,,274.269 ms,12/Jul/2021:16:28:25 +0000
/test/v1/citySelect,200,12806,491,34.0522342,34.0522342,,,,10.332 ms,12/Jul/2021:16:28:26 +0000
/test/v1/citySelect,200,85,491,34.0522342,34.0522342,City,1.0,search,298.850 ms,12/Jul/2021:16:28:26 +0000
/test/v1/systemNotiSettings,200,81,,,,,,,7.001 ms,12/Jul/2021:16:30:12 +0000
/test/v1/citySelect,200,2118,,34.0522342,34.0522342,,,,176.663 ms,12/Jul/2021:16:31:28 +0000
/test/v1/citySelect,200,2449,,34.0522342,34.0522342,,,,161.307 ms,12/Jul/2021:16:31:29 +0000
/test/v1/citySelect,200,13131,1351,-33.8674769,-33.8674769,,,,6.388 ms,12/Jul/2021:16:31:31 +0000
/test/v1/citySelect,200,84,1351,-33.8674769,-33.8674769,City,1.0,search,208.450 ms,12/Jul/2021:16:31:31 +0000
/test/v1/citySelect,200,13131,1351,-33.8674769,-33.8674769,City,1.0,search,11.029 ms,12/Jul/2021:16:31:38 +0000
/test/v1/systemNotiSettings,200,81,,,,,,,8.171 ms,12/Jul/2021:16:36:32 +0000
/test/v1/citySelect,200,12812,427,25.2048493,25.2048493,,,,7.000 ms,12/Jul/2021:16:36:53 +0000
/test/v1/citySelect,200,79,427,25.2048493,25.2048493,City,1.0,search,246.332 ms,12/Jul/2021:16:36:54 +0000
/test/v1/systemNotiSettings,200,81,,,,,,,6.804 ms,12/Jul/2021:16:37:03 +0000
/test/v1/systemNotiSettings,200,81,,,,,,,5.546 ms,12/Jul/2021:16:53:15 +0000
/test/v1/citySelect,200,13131,427,25.2048493,25.2048493,City,1.0,search,5.399 ms,12/Jul/2021:16:53:17 +0000
/test/v1/citySelect,200,12440,424,51.5073509,51.5073509,,,,8.171 ms,12/Jul/2021:16:53:45 +0000
/test/v1/citySelect,200,79,424,51.5073509,51.5073509,City,1.0,search,256.059 ms,12/Jul/2021:16:53:46 +0000
/test/v1/citySelect,200,13131,424,51.5073509,51.5073509,City,1.0,search,6.155 ms,12/Jul/2021:16:54:23 +0000
/test/v1/systemNotiSettings,200,81,,,,,,,6.239 ms,12/Jul/2021:17:15:36 +0000
